{
  "project_info": {
    "project_number": "827972126803",
    "project_id": "msag-dca3a",
    "storage_bucket": "msag-dca3a.appspot.com"
  },
  "client": [
    {
      "client_info": {
        "mobilesdk_app_id": "1:827972126803:android:855c3c4b472729fdfa5ea6",
        "android_client_info": {
          "package_name": "com.example.messageme_app"
        }
      },
      "oauth_client": [
        {
          "client_id": "827972126803-3pvc5a71sllbnn0hvvttoghpcpnj5a0l.apps.googleusercontent.com",
          "client_type": 3
        }
      ],
      "api_key": [
        {
          "current_key": "AIzaSyCbk8kxUgNYw9yoorlSmSOxuxjNtnKeGG4"
        }
      ],
      "services": {
        "appinvite_service": {
          "other_platform_oauth_client": [
            {
              "client_id": "827972126803-3pvc5a71sllbnn0hvvttoghpcpnj5a0l.apps.googleusercontent.com",
              "client_type": 3
            }
          ]
        }
      }
    }
  ],
  "configuration_version": "1"
}